目录,模型名称,下载地址
"audio","wav2vec2_large_english_fp16.safetensors","https://huggingface.co/Comfy-Org/Wan_2.2_ComfyUI_Repackaged/resolve/main/split_files/audio_encoders/wav2vec2_large_english_fp16.safetensors"
"audio","whisper_large_v3_fp16.safetensors","https://huggingface.co/Comfy-Org/HuMo_ComfyUI/resolve/main/split_files/audio_encoders/whisper_large_v3_fp16.safetensors"
"checkpoints","512-inpainting-ema.safetensors","https://huggingface.co/Comfy-Org/stable_diffusion_2.1_repackaged/resolve/main/512-inpainting-ema.safetensors"
"checkpoints","DreamShaper_8_pruned.safetensors","https://huggingface.co/Lykon/DreamShaper/resolve/main/DreamShaper_8_pruned.safetensors"
"checkpoints","NetaYumev35_pretrained_all_in_one.safetensors","https://huggingface.co/duongve/NetaYume-Lumina-Image-2.0/resolve/main/NetaYumev35_pretrained_all_in_one.safetensors"
"checkpoints","ace_step_v1_3.5b.safetensors","https://huggingface.co/Comfy-Org/ACE-Step_ComfyUI_repackaged/blob/main/all_in_one/ace_step_v1_3.5b.safetensors"
"checkpoints","architecturerealmix_v11.safetensors","https://civitai.com/api/download/models/431755?type=Model&format=SafeTensor&size=full&fp=fp16"
"checkpoints","dreamshaper_8.safetensors","https://civitai.com/api/download/models/128713?type=Model&format=SafeTensor&size=pruned&fp=fp16"
"checkpoints","flux1-schnell-fp8.safetensors","⚠️ 未提供"
"checkpoints","hunyuan3d-dit-v2-mv-turbo_fp16.safetensors","https://huggingface.co/Comfy-Org/hunyuan3D_2.0_repackaged/resolve/main/split_files/hunyuan3d-dit-v2-mv-turbo_fp16.safetensors"
"checkpoints","hunyuan3d-dit-v2-mv_fp16.safetensors","https://huggingface.co/Comfy-Org/hunyuan3D_2.0_repackaged/resolve/main/split_files/hunyuan3d-dit-v2-mv_fp16.safetensors"
"checkpoints","hunyuan3d-dit-v2_fp16.safetensors","https://huggingface.co/Comfy-Org/hunyuan3D_2.0_repackaged/resolve/main/split_files/hunyuan3d-dit-v2_fp16.safetensors"
"checkpoints","hunyuan_3d_v2.1.safetensors","https://huggingface.co/Comfy-Org/hunyuan3D_2.1_repackaged/resolve/main/hunyuan_3d_v2.1.safetensors"
"checkpoints","ltx-video-2b-v0.9.5.safetensors","https://huggingface.co/Lightricks/LTX-Video/resolve/main/ltx-video-2b-v0.9.5.safetensors"
"checkpoints","ltx-video-2b-v0.9.safetensors","⚠️ 未提供"
"checkpoints","sd3.5_large_fp8_scaled.safetensors","https://huggingface.co/Comfy-Org/stable-diffusion-3.5-fp8/resolve/main/sd3.5_large_fp8_scaled.safetensors"
"checkpoints","sd_xl_base_1.0.safetensors","https://huggingface.co/stabilityai/stable-diffusion-xl-base-1.0/resolve/main/sd_xl_base_1.0.safetensors"
"checkpoints","sd_xl_refiner_1.0.safetensors","⚠️ 未提供"
"checkpoints","sd_xl_turbo_1.0_fp16.safetensors","⚠️ 未提供"
"checkpoints","stable-audio-open-1.0.safetensors","https://huggingface.co/Comfy-Org/stable-audio-open-1.0_repackaged/resolve/main/stable-audio-open-1.0.safetensors"
"checkpoints","svd_xt.safetensors","⚠️ 未提供"
"checkpoints","v1-5-pruned-emaonly-fp16.safetensors","https://huggingface.co/Comfy-Org/stable-diffusion-v1-5-archive/resolve/main/v1-5-pruned-emaonly-fp16.safetensors?download=true"
"clip","byt5_small_glyphxl_fp16.safetensors","https://huggingface.co/Comfy-Org/HunyuanVideo_1.5_repackaged/resolve/main/split_files/text_encoders/byt5_small_glyphxl_fp16.safetensors"
"clip","clip_g_hidream.safetensors","https://huggingface.co/Comfy-Org/HiDream-I1_ComfyUI/resolve/main/split_files/text_encoders/clip_g_hidream.safetensors"
"clip","clip_l.safetensors","https://huggingface.co/comfyanonymous/flux_text_encoders/blob/main/clip_l.safetensors"
"clip","clip_l_hidream.safetensors","https://huggingface.co/Comfy-Org/HiDream-I1_ComfyUI/resolve/main/split_files/text_encoders/clip_l_hidream.safetensors"
"clip","llama_3.1_8b_instruct_fp8_scaled.safetensors","https://huggingface.co/Comfy-Org/HiDream-I1_ComfyUI/resolve/main/split_files/text_encoders/llama_3.1_8b_instruct_fp8_scaled.safetensors"
"clip","llava_llama3_fp8_scaled.safetensors","⚠️ 未提供"
"clip","mistral_3_small_flux2_bf16.safetensors","https://huggingface.co/Comfy-Org/flux2-dev/resolve/main/split_files/text_encoders/mistral_3_small_flux2_bf16.safetensors"
"clip","mistral_3_small_flux2_fp8.safetensors","https://huggingface.co/Comfy-Org/flux2-dev/resolve/main/split_files/text_encoders/mistral_3_small_flux2_fp8.safetensors"
"clip","qwen_2.5_vl_7b_fp8_scaled.safetensors","https://huggingface.co/Comfy-Org/HunyuanVideo_1.5_repackaged/resolve/main/split_files/text_encoders/qwen_2.5_vl_7b_fp8_scaled.safetensors"
"clip","qwen_2.5_vl_fp16.safetensors","https://huggingface.co/Comfy-Org/Omnigen2_ComfyUI_repackaged/resolve/main/split_files/text_encoders/qwen_2.5_vl_fp16.safetensors"
"clip","qwen_3_4b.safetensors","https://huggingface.co/Comfy-Org/z_image_turbo/resolve/main/split_files/text_encoders/qwen_3_4b.safetensors"
"clip","t5-base.safetensors","https://huggingface.co/ComfyUI-Wiki/t5-base/resolve/main/t5-base.safetensors"
"clip","t5xxl_fp16.safetensors","https://huggingface.co/comfyanonymous/flux_text_encoders/resolve/main/t5xxl_fp16.safetensors"
"clip","t5xxl_fp8_e4m3fn_scaled.safetensors","https://huggingface.co/comfyanonymous/flux_text_encoders/resolve/main/t5xxl_fp8_e4m3fn_scaled.safetensors"
"clip","umt5_xxl_fp16.safetensors","https://huggingface.co/Comfy-Org/Wan_2.1_ComfyUI_repackaged/resolve/main/split_files/text_encoders/umt5_xxl_fp16.safetensors?download=true"
"clip","umt5_xxl_fp8_e4m3fn_scaled.safetensors","https://huggingface.co/Comfy-Org/Wan_2.1_ComfyUI_repackaged/resolve/main/split_files/text_encoders/umt5_xxl_fp8_e4m3fn_scaled.safetensors?download=true"
"clip_vision","clip_vision_g.safetensors","https://huggingface.co/comfyanonymous/clip_vision_g/resolve/main/clip_vision_g.safetensors"
"clip_vision","clip_vision_h.safetensors","https://huggingface.co/Comfy-Org/Wan_2.1_ComfyUI_repackaged/resolve/main/split_files/clip_vision/clip_vision_h.safetensors?download=true"
"clip_vision","sigclip_vision_patch14_384.safetensors","https://huggingface.co/Comfy-Org/sigclip_vision_384/resolve/main/sigclip_vision_patch14_384.safetensors"
"controlnet","Qwen-Image-InstantX-ControlNet-Inpainting.safetensors","https://huggingface.co/Comfy-Org/Qwen-Image-InstantX-ControlNets/resolve/main/split_files/controlnet/Qwen-Image-InstantX-ControlNet-Inpainting.safetensors"
"controlnet","control_v11f1p_sd15_depth_fp16.safetensors","https://huggingface.co/comfyanonymous/ControlNet-v1-1_fp16_safetensors/resolve/main/control_v11f1p_sd15_depth_fp16.safetensors"
"controlnet","control_v11p_sd15_scribble_fp16.safetensors","https://huggingface.co/comfyanonymous/ControlNet-v1-1_fp16_safetensors/resolve/main/control_v11p_sd15_scribble_fp16.safetensors?download=true"
"controlnet","qwen_image_canny_diffsynth_controlnet.safetensors","https://huggingface.co/Comfy-Org/Qwen-Image-DiffSynth-ControlNets/resolve/main/split_files/model_patches/qwen_image_canny_diffsynth_controlnet.safetensors"
"controlnet","sd3.5_large_controlnet_blur.safetensors","https://huggingface.co/Comfy-Org/stable-diffusion-3.5-controlnets_ComfyUI_repackaged/resolve/main/split_files/controlnet/sd3.5_large_controlnet_blur.safetensors"
"controlnet","sd3.5_large_controlnet_canny.safetensors","https://huggingface.co/Comfy-Org/stable-diffusion-3.5-controlnets_ComfyUI_repackaged/resolve/main/split_files/controlnet/sd3.5_large_controlnet_canny.safetensors"
"controlnet","sd3.5_large_controlnet_depth.safetensors","https://huggingface.co/Comfy-Org/stable-diffusion-3.5-controlnets_ComfyUI_repackaged/resolve/main/split_files/controlnet/sd3.5_large_controlnet_depth.safetensors"
"loras","MoXinV1.safetensors","https://civitai.com/api/download/models/14856?type=Model&format=SafeTensor&size=full&fp=fp16"
"loras","Qwen-Image-Edit-2509-Lightning-4steps-V1.0-bf16.safetensors","https://huggingface.co/lightx2v/Qwen-Image-Lightning/resolve/main/Qwen-Image-Edit-2509/Qwen-Image-Edit-2509-Lightning-4steps-V1.0-bf16.safetensors"
"loras","Qwen-Image-Lightning-4steps-V1.0.safetensors","https://huggingface.co/lightx2v/Qwen-Image-Lightning/resolve/main/Qwen-Image-Lightning-4steps-V1.0.safetensors"
"loras","Qwen-Image-Lightning-8steps-V1.0.safetensors","https://huggingface.co/lightx2v/Qwen-Image-Lightning/resolve/main/Qwen-Image-Lightning-8steps-V1.0.safetensors"
"loras","Wan21_CausVid_14B_T2V_lora_rank32.safetensors","https://huggingface.co/Kijai/WanVideo_comfy/blob/main/Wan21_CausVid_14B_T2V_lora_rank32.safetensors"
"loras","Wan21_CausVid_bidirect2_T2V_1_3B_lora_rank32.safetensors","https://huggingface.co/Kijai/WanVideo_comfy/blob/main/Wan21_CausVid_bidirect2_T2V_1_3B_lora_rank32.safetensors"
"loras","WanAnimate_relight_lora_fp16.safetensors","https://huggingface.co/Kijai/WanVideo_comfy/resolve/main/LoRAs/Wan22_relight/WanAnimate_relight_lora_fp16.safetensors"
"loras","blindbox_v1_mix.safetensors","https://civitai.com/api/download/models/32988?type=Model&format=SafeTensor&size=full&fp=fp16"
"loras","flux1-depth-dev-lora.safetensors","https://huggingface.co/Comfy-Org/flux1-dev/resolve/main/split_files/loras/flux1-depth-dev-lora.safetensors"
"loras","flux2_berthe_morisot.safetensors","https://huggingface.co/ostris/flux2_berthe_morisot/resolve/main/flux2_berthe_morisot.safetensors"
"loras","lightx2v_I2V_14B_480p_cfg_step_distill_rank64_bf16.safetensors","https://huggingface.co/Kijai/WanVideo_comfy/resolve/main/Lightx2v/lightx2v_I2V_14B_480p_cfg_step_distill_rank64_bf16.safetensors"
"loras","lightx2v_T2V_14B_cfg_step_distill_v2_lora_rank64_bf16.safetensors","https://huggingface.co/Kijai/WanVideo_comfy/resolve/main/Lightx2v/lightx2v_T2V_14B_cfg_step_distill_v2_lora_rank64_bf16.safetensors"
"loras","pixel_art_style_z_image_turbo.safetensors","https://huggingface.co/tarn59/pixel_art_style_lora_z_image_turbo/resolve/main/pixel_art_style_z_image_turbo.safetensors"
"loras","qwen_image_union_diffsynth_lora.safetensors","https://huggingface.co/Comfy-Org/Qwen-Image-DiffSynth-ControlNets/resolve/main/split_files/loras/qwen_image_union_diffsynth_lora.safetensors"
"loras","wan2.2_i2v_lightx2v_4steps_lora_v1_high_noise.safetensors","https://huggingface.co/Comfy-Org/Wan_2.2_ComfyUI_Repackaged/resolve/main/split_files/loras/wan2.2_i2v_lightx2v_4steps_lora_v1_high_noise.safetensors"
"loras","wan2.2_i2v_lightx2v_4steps_lora_v1_low_noise.safetensors","https://huggingface.co/Comfy-Org/Wan_2.2_ComfyUI_Repackaged/resolve/main/split_files/loras/wan2.2_i2v_lightx2v_4steps_lora_v1_low_noise.safetensors"
"loras","wan2.2_t2v_lightx2v_4steps_lora_v1.1_high_noise.safetensors","https://huggingface.co/Comfy-Org/Wan_2.2_ComfyUI_Repackaged/resolve/main/split_files/loras/wan2.2_t2v_lightx2v_4steps_lora_v1.1_high_noise.safetensors"
"loras","wan2.2_t2v_lightx2v_4steps_lora_v1.1_low_noise.safetensors","https://huggingface.co/Comfy-Org/Wan_2.2_ComfyUI_Repackaged/resolve/main/split_files/loras/wan2.2_t2v_lightx2v_4steps_lora_v1.1_low_noise.safetensors"
"loras","wan_alpha_2.1_rgba_lora.safetensors","https://huggingface.co/Comfy-Org/Wan_2.1_ComfyUI_repackaged/resolve/main/split_files/loras/wan_alpha_2.1_rgba_lora.safetensors"
"sams","sam2_hiera_base_plus.safetensors","⚠️ 未提供"
"style_models","flux1-redux-dev.safetensors","https://huggingface.co/Comfy-Org/Flux1-Redux-Dev/resolve/main/flux1-redux-dev.safetensors"
"unet","Chroma1-HD-fp8_scaled_rev2.safetensors","https://huggingface.co/silveroxides/Chroma1-HD-fp8-scaled/resolve/main/Chroma1-HD-fp8_scaled_rev2.safetensors"
"unet","Wan21-WanMove_fp8_scaled_e4m3fn_KJ.safetensors","https://huggingface.co/Kijai/WanVideo_comfy_fp8_scaled/resolve/main/WanMove/Wan21-WanMove_fp8_scaled_e4m3fn_KJ.safetensors"
"unet","Wan2_1-I2V-ATI-14B_fp8_e4m3fn.safetensors","https://huggingface.co/Kijai/WanVideo_comfy/resolve/main/Wan2_1-I2V-ATI-14B_fp8_e4m3fn.safetensors"
"unet","Wan2_2-Animate-14B_fp8_e4m3fn_scaled_KJ.safetensors","https://huggingface.co/Kijai/WanVideo_comfy_fp8_scaled/resolve/main/Wan22Animate/Wan2_2-Animate-14B_fp8_e4m3fn_scaled_KJ.safetensors"
"unet","flux1-canny-dev.safetensors","https://huggingface.co/Comfy-Org/flux1-dev/resolve/main/split_files/diffusion_models/flux1-canny-dev.safetensors"
"unet","flux1-dev-fp8.safetensors","https://huggingface.co/Comfy-Org/flux1-dev/resolve/main/flux1-dev-fp8.safetensors"
"unet","flux1-dev.safetensors","https://huggingface.co/Comfy-Org/flux1-dev/resolve/main/flux1-dev.safetensors"
"unet","flux1-fill-dev.safetensors","https://huggingface.co/Comfy-Org/flux1-dev/resolve/main/split_files/diffusion_models/flux1-fill-dev.safetensors"
"unet","flux1-schnell.safetensors","https://huggingface.co/Comfy-Org/flux1-schnell/resolve/main/flux1-schnell.safetensors"
"unet","flux2_dev_fp8mixed.safetensors","https://huggingface.co/Comfy-Org/flux2-dev/resolve/main/split_files/diffusion_models/flux2_dev_fp8mixed.safetensors"
"unet","hidream_e1_full_bf16.safetensors","https://huggingface.co/Comfy-Org/HiDream-I1_ComfyUI/resolve/main/split_files/diffusion_models/hidream_e1_full_bf16.safetensors"
"unet","hidream_i1_dev_fp8.safetensors","⚠️ 未提供"
"unet","hidream_i1_fast_fp8.safetensors","https://huggingface.co/Comfy-Org/HiDream-I1_ComfyUI/resolve/main/split_files/diffusion_models/hidream_i1_fast_fp8.safetensors"
"unet","hidream_i1_full_fp8.safetensors","https://huggingface.co/Comfy-Org/HiDream-I1_ComfyUI/resolve/main/split_files/diffusion_models/hidream_i1_full_fp8.safetensors"
"unet","humo_17B_fp8_e4m3fn.safetensors","https://huggingface.co/Comfy-Org/HuMo_ComfyUI/resolve/main/split_files/diffusion_models/humo_17B_fp8_e4m3fn.safetensors"
"unet","hunyuan_video_t2v_720p_bf16.safetensors","⚠️ 未提供"
"unet","hunyuanvideo1.5_1080p_sr_distilled_fp16.safetensors","https://huggingface.co/Comfy-Org/HunyuanVideo_1.5_repackaged/resolve/main/split_files/diffusion_models/hunyuanvideo1.5_1080p_sr_distilled_fp16.safetensors"
"unet","hunyuanvideo1.5_720p_i2v_fp16.safetensors","https://huggingface.co/Comfy-Org/HunyuanVideo_1.5_repackaged/resolve/main/split_files/diffusion_models/hunyuanvideo1.5_720p_i2v_fp16.safetensors"
"unet","hunyuanvideo1.5_720p_t2v_fp16.safetensors","https://huggingface.co/Comfy-Org/HunyuanVideo_1.5_repackaged/resolve/main/split_files/diffusion_models/hunyuanvideo1.5_720p_t2v_fp16.safetensors"
"unet","omnigen2_fp16.safetensors","https://huggingface.co/Comfy-Org/Omnigen2_ComfyUI_repackaged/resolve/main/split_files/diffusion_models/omnigen2_fp16.safetensors"
"unet","qwen_image_edit_2509_fp8_e4m3fn.safetensors","https://huggingface.co/Comfy-Org/Qwen-Image-Edit_ComfyUI/resolve/main/split_files/diffusion_models/qwen_image_edit_2509_fp8_e4m3fn.safetensors"
"unet","qwen_image_fp8_e4m3fn.safetensors","https://huggingface.co/Comfy-Org/Qwen-Image_ComfyUI/resolve/main/split_files/diffusion_models/qwen_image_fp8_e4m3fn.safetensors"
"unet","wan2.1_flf2v_720p_14B_fp16.safetensors","https://huggingface.co/Comfy-Org/Wan_2.1_ComfyUI_repackaged/resolve/main/split_files/diffusion_models/wan2.1_flf2v_720p_14B_fp16.safetensors?download=true"
"unet","wan2.1_fun_camera_v1.1_1.3B_bf16.safetensors","https://huggingface.co/Comfy-Org/Wan_2.1_ComfyUI_repackaged/resolve/main/split_files/diffusion_models/wan2.1_fun_camera_v1.1_1.3B_bf16.safetensors"
"unet","wan2.1_fun_camera_v1.1_14B_bf16.safetensors","https://huggingface.co/Comfy-Org/Wan_2.1_ComfyUI_repackaged/resolve/main/split_files/diffusion_models/wan2.1_fun_camera_v1.1_14B_bf16.safetensors"
"unet","wan2.1_fun_control_1.3B_bf16.safetensors","https://huggingface.co/Comfy-Org/Wan_2.1_ComfyUI_repackaged/resolve/main/split_files/diffusion_models/wan2.1_fun_control_1.3B_bf16.safetensors?download=true"
"unet","wan2.1_fun_inp_1.3B_bf16.safetensors","⚠️ 未提供"
"unet","wan2.1_i2v_480p_14B_fp16.safetensors","https://huggingface.co/Comfy-Org/Wan_2.1_ComfyUI_repackaged/resolve/main/split_files/diffusion_models/wan2.1_i2v_480p_14B_fp16.safetensors"
"unet","wan2.1_t2v_1.3B_fp16.safetensors","⚠️ 未提供"
"unet","wan2.1_t2v_14B_fp8_scaled.safetensors","https://huggingface.co/Comfy-Org/Wan_2.1_ComfyUI_repackaged/resolve/main/split_files/diffusion_models/wan2.1_t2v_14B_fp8_scaled.safetensors"
"unet","wan2.1_vace_1.3B_fp16.safetensors","https://huggingface.co/Comfy-Org/Wan_2.1_ComfyUI_repackaged/resolve/main/split_files/diffusion_models/wan2.1_vace_1.3B_fp16.safetensors"
"unet","wan2.1_vace_14B_fp16.safetensors","https://huggingface.co/Comfy-Org/Wan_2.1_ComfyUI_repackaged/resolve/main/split_files/diffusion_models/wan2.1_vace_14B_fp16.safetensors"
"unet","wan2.2_fun_camera_high_noise_14B_fp8_scaled.safetensors","https://huggingface.co/Comfy-Org/Wan_2.2_ComfyUI_Repackaged/resolve/main/split_files/diffusion_models/wan2.2_fun_camera_high_noise_14B_fp8_scaled.safetensors"
"unet","wan2.2_fun_camera_low_noise_14B_fp8_scaled.safetensors","https://huggingface.co/Comfy-Org/Wan_2.2_ComfyUI_Repackaged/resolve/main/split_files/diffusion_models/wan2.2_fun_camera_low_noise_14B_fp8_scaled.safetensors"
"unet","wan2.2_fun_control_5B_bf16.safetensors","https://huggingface.co/Comfy-Org/Wan_2.2_ComfyUI_Repackaged/resolve/main/split_files/diffusion_models/wan2.2_fun_control_5B_bf16.safetensors"
"unet","wan2.2_fun_control_high_noise_14B_fp8_scaled.safetensors","https://huggingface.co/Comfy-Org/Wan_2.2_ComfyUI_Repackaged/resolve/main/split_files/diffusion_models/wan2.2_fun_control_high_noise_14B_fp8_scaled.safetensors"
"unet","wan2.2_fun_control_low_noise_14B_fp8_scaled.safetensors","https://huggingface.co/Comfy-Org/Wan_2.2_ComfyUI_Repackaged/resolve/main/split_files/diffusion_models/wan2.2_fun_control_low_noise_14B_fp8_scaled.safetensors"
"unet","wan2.2_fun_inpaint_5B_bf16.safetensors","https://huggingface.co/Comfy-Org/Wan_2.2_ComfyUI_Repackaged/resolve/main/split_files/diffusion_models/wan2.2_fun_inpaint_5B_bf16.safetensors"
"unet","wan2.2_fun_inpaint_high_noise_14B_fp8_scaled.safetensors","https://huggingface.co/Comfy-Org/Wan_2.2_ComfyUI_Repackaged/resolve/main/split_files/diffusion_models/wan2.2_fun_inpaint_high_noise_14B_fp8_scaled.safetensors"
"unet","wan2.2_fun_inpaint_low_noise_14B_fp8_scaled.safetensors","https://huggingface.co/Comfy-Org/Wan_2.2_ComfyUI_Repackaged/resolve/main/split_files/diffusion_models/wan2.2_fun_inpaint_low_noise_14B_fp8_scaled.safetensors"
"unet","wan2.2_i2v_high_noise_14B_fp8_scaled.safetensors","https://huggingface.co/Comfy-Org/Wan_2.2_ComfyUI_Repackaged/resolve/main/split_files/diffusion_models/wan2.2_i2v_high_noise_14B_fp8_scaled.safetensors"
"unet","wan2.2_i2v_low_noise_14B_fp8_scaled.safetensors","https://huggingface.co/Comfy-Org/Wan_2.2_ComfyUI_Repackaged/resolve/main/split_files/diffusion_models/wan2.2_i2v_low_noise_14B_fp8_scaled.safetensors"
"unet","wan2.2_s2v_14B_fp8_scaled.safetensors","https://huggingface.co/Comfy-Org/Wan_2.2_ComfyUI_Repackaged/resolve/main/split_files/diffusion_models/wan2.2_s2v_14B_fp8_scaled.safetensors"
"unet","wan2.2_t2v_high_noise_14B_fp8_scaled.safetensors","https://huggingface.co/Comfy-Org/Wan_2.2_ComfyUI_Repackaged/resolve/main/split_files/diffusion_models/wan2.2_t2v_high_noise_14B_fp8_scaled.safetensors"
"unet","wan2.2_t2v_low_noise_14B_fp8_scaled.safetensors","https://huggingface.co/Comfy-Org/Wan_2.2_ComfyUI_Repackaged/resolve/main/split_files/diffusion_models/wan2.2_t2v_low_noise_14B_fp8_scaled.safetensors"
"unet","wan2.2_ti2v_5B_fp16.safetensors","https://huggingface.co/Comfy-Org/Wan_2.2_ComfyUI_Repackaged/resolve/main/split_files/diffusion_models/wan2.2_ti2v_5B_fp16.safetensors"
"unet","z_image_turbo_bf16.safetensors","https://huggingface.co/Comfy-Org/z_image_turbo/resolve/main/split_files/diffusion_models/z_image_turbo_bf16.safetensors"
"upscale_models","hunyuanvideo15_latent_upsampler_1080p.safetensors","⚠️ 未提供"
"vae","ae.safetensors","https://huggingface.co/Comfy-Org/z_image_turbo/resolve/main/split_files/vae/ae.safetensors"
"vae","flux2-vae.safetensors","https://huggingface.co/Comfy-Org/flux2-dev/resolve/main/split_files/vae/flux2-vae.safetensors"
"vae","hunyuan_video_vae_bf16.safetensors","⚠️ 未提供"
"vae","hunyuanvideo15_vae_fp16.safetensors","https://huggingface.co/Comfy-Org/HunyuanVideo_1.5_repackaged/resolve/main/split_files/vae/hunyuanvideo15_vae_fp16.safetensors"
"vae","qwen_image_vae.safetensors","https://huggingface.co/Comfy-Org/Qwen-Image_ComfyUI/resolve/main/split_files/vae/qwen_image_vae.safetensors"
"vae","vae-ft-mse-840000-ema-pruned.safetensors","https://huggingface.co/stabilityai/sd-vae-ft-mse-original/resolve/main/vae-ft-mse-840000-ema-pruned.safetensors"
"vae","wan2.2_vae.safetensors","https://huggingface.co/Comfy-Org/Wan_2.2_ComfyUI_Repackaged/resolve/main/split_files/vae/wan2.2_vae.safetensors"
"vae","wan_2.1_vae.safetensors","https://huggingface.co/Comfy-Org/Wan_2.1_ComfyUI_repackaged/resolve/main/split_files/vae/wan_2.1_vae.safetensors?download=true"
"vae","wan_alpha_2.1_vae_alpha_channel.safetensors","https://huggingface.co/Comfy-Org/Wan_2.1_ComfyUI_repackaged/resolve/main/split_files/vae/wan_alpha_2.1_vae_alpha_channel.safetensors"
"vae","wan_alpha_2.1_vae_rgb_channel.safetensors","https://huggingface.co/Comfy-Org/Wan_2.1_ComfyUI_repackaged/resolve/main/split_files/vae/wan_alpha_2.1_vae_rgb_channel.safetensors"
"unknown","Qwen-Image-Edit-2509-Relight.safetensors","https://huggingface.co/Comfy-Org/Qwen-Image-Edit_ComfyUI/resolve/main/split_files/loras/Qwen-Image-Edit-2509-Relight.safetensors"
"unknown","dw-ll_ucoco_384_bs5.torchscript.pt","⚠️ 未提供"
"unknown","lotus-depth-d-v1-1.safetensors","https://huggingface.co/Comfy-Org/lotus/resolve/main/lotus-depth-d-v1-1.safetensors"